Number of Line ; Original Claim ; Claim Translated ; Comments 
19 ; System.out.print("Press any key to start memor ... ; 1 ; Possible null dereference (Null)
45 ; this.elements = new Object[initialCapacity] ; 1 ; Possible attempt to allocate array of negative length (NegSize)
51 ; elements[size++] = e ; elements != NULL && elements.length() > 0 ; Possible null dereference (Null)
51 ; elements[size++] = e ; size++ >= 0 ; Possible negative array index (IndexNegative)
51 ; elements[size++] = e ; size++ <= st.length ; Array index possibly too large (IndexTooBig)
51 ; elements[size++] = e ; 1 ; Type of right-hand side possibly not a subtype of array element type (ArrayStore)
58 ; return elements[--size] ; elements != NULL && elements.length() > 0 ; Possible null dereference (Null)
58 ; return elements[--size] ; --size <= st.length ; Array index possibly too large (IndexTooBig)
69 ; if (elements.length == size) ; elements != NULL && elements.length() > 0 ; Possible null dereference (Null)
